{
    "type": "Feature",
    "stac_version": "1.0.0-beta.2",
    "id": "Spain_948545_label",
    "properties": {
        "country": "Spain",
        "chip_id": "948545",
        "label:description": "-1: NoData. 0: Not Water. 1: Water.",
        "label:type": "raster",
        "label:properties": null,
        "label:classes": [
            [
                0,
                1
            ]
        ],
        "label:tasks": [
            "classification"
        ],
        "datetime": "2019-09-17T00:00:00Z"
    },
    "geometry": {
        "type": "Polygon",
        "coordinates": [
            [
                [
                    -0.18397497018767814,
                    39.00269367978774
                ],
                [
                    -0.18397497018767814,
                    39.04868742233466
                ],
                [
                    -0.2299687127345975,
                    39.04868742233466
                ],
                [
                    -0.2299687127345975,
                    39.00269367978774
                ],
                [
                    -0.18397497018767814,
                    39.00269367978774
                ]
            ]
        ]
    },
    "links": [
        {
            "rel": "root",
            "href": "../../catalog.json",
            "type": "application/json"
        },
        {
            "rel": "collection",
            "href": "../collection.json",
            "type": "application/json"
        },
        {
            "rel": "parent",
            "href": "../collection.json",
            "type": "application/json"
        }
    ],
    "assets": {
        "S2IndexLabelWeak": {
            "href": "https://storage.googleapis.com/sen1floods11/v1.1/data/flood_events/WeaklyLabeled/S2IndexLabelWeak/Spain_948545_S2IndexLabelWeak.tif",
            "type": "image/tiff; application=geotiff",
            "title": "GeoTiff"
        },
        "S1OtsuLabelWeak": {
            "href": "https://storage.googleapis.com/sen1floods11/v1.1/data/flood_events/WeaklyLabeled/S1OtsuLabelWeak/Spain_948545_S1OtsuLabelWeak.tif",
            "type": "image/tiff; application=geotiff",
            "title": "GeoTiff"
        }
    },
    "bbox": [
        -0.2299687127345975,
        39.00269367978774,
        -0.18397497018767814,
        39.04868742233466
    ],
    "stac_extensions": [
        "label"
    ],
    "collection": "sen1floods11_weak_labeled_label"
}