{
    "type": "Feature",
    "stac_version": "1.0.0-beta.2",
    "id": "USA_135993_label",
    "properties": {
        "country": "USA",
        "chip_id": "135993",
        "label:description": "-1: NoData. 0: Not Water. 1: Water.",
        "label:type": "raster",
        "label:properties": null,
        "label:classes": [
            [
                0,
                1
            ]
        ],
        "label:tasks": [
            "classification"
        ],
        "datetime": "2019-05-22T00:00:00Z"
    },
    "geometry": {
        "type": "Polygon",
        "coordinates": [
            [
                [
                    -94.88509087429492,
                    39.830581045632286
                ],
                [
                    -94.88509087429492,
                    39.876574788179205
                ],
                [
                    -94.93108461684184,
                    39.876574788179205
                ],
                [
                    -94.93108461684184,
                    39.830581045632286
                ],
                [
                    -94.88509087429492,
                    39.830581045632286
                ]
            ]
        ]
    },
    "links": [
        {
            "rel": "root",
            "href": "../../catalog.json",
            "type": "application/json"
        },
        {
            "rel": "collection",
            "href": "../collection.json",
            "type": "application/json"
        },
        {
            "rel": "parent",
            "href": "../collection.json",
            "type": "application/json"
        }
    ],
    "assets": {
        "S2IndexLabelWeak": {
            "href": "https://storage.googleapis.com/sen1floods11/v1.1/data/flood_events/WeaklyLabeled/S2IndexLabelWeak/USA_135993_S2IndexLabelWeak.tif",
            "type": "image/tiff; application=geotiff",
            "title": "GeoTiff"
        },
        "S1OtsuLabelWeak": {
            "href": "https://storage.googleapis.com/sen1floods11/v1.1/data/flood_events/WeaklyLabeled/S1OtsuLabelWeak/USA_135993_S1OtsuLabelWeak.tif",
            "type": "image/tiff; application=geotiff",
            "title": "GeoTiff"
        }
    },
    "bbox": [
        -94.93108461684184,
        39.830581045632286,
        -94.88509087429492,
        39.876574788179205
    ],
    "stac_extensions": [
        "label"
    ],
    "collection": "sen1floods11_weak_labeled_label"
}