{
    "type": "Feature",
    "stac_version": "1.0.0-beta.2",
    "id": "Ghana_7458277_label",
    "properties": {
        "country": "Ghana",
        "chip_id": "7458277",
        "label:description": "-1: NoData. 0: Not Water. 1: Water.",
        "label:type": "raster",
        "label:properties": null,
        "label:classes": [
            [
                0,
                1
            ]
        ],
        "label:tasks": [
            "classification"
        ],
        "datetime": "2018-09-18T00:00:00Z"
    },
    "geometry": {
        "type": "Polygon",
        "coordinates": [
            [
                [
                    -1.3798122764075853,
                    9.290735994477739
                ],
                [
                    -1.3798122764075853,
                    9.336729737024658
                ],
                [
                    -1.4258060189545045,
                    9.336729737024658
                ],
                [
                    -1.4258060189545045,
                    9.290735994477739
                ],
                [
                    -1.3798122764075853,
                    9.290735994477739
                ]
            ]
        ]
    },
    "links": [
        {
            "rel": "root",
            "href": "../../catalog.json",
            "type": "application/json"
        },
        {
            "rel": "collection",
            "href": "../collection.json",
            "type": "application/json"
        },
        {
            "rel": "parent",
            "href": "../collection.json",
            "type": "application/json"
        }
    ],
    "assets": {
        "S2IndexLabelWeak": {
            "href": "https://storage.googleapis.com/sen1floods11/v1.1/data/flood_events/WeaklyLabeled/S2IndexLabelWeak/Ghana_7458277_S2IndexLabelWeak.tif",
            "type": "image/tiff; application=geotiff",
            "title": "GeoTiff"
        },
        "S1OtsuLabelWeak": {
            "href": "https://storage.googleapis.com/sen1floods11/v1.1/data/flood_events/WeaklyLabeled/S1OtsuLabelWeak/Ghana_7458277_S1OtsuLabelWeak.tif",
            "type": "image/tiff; application=geotiff",
            "title": "GeoTiff"
        }
    },
    "bbox": [
        -1.4258060189545045,
        9.290735994477739,
        -1.3798122764075853,
        9.336729737024658
    ],
    "stac_extensions": [
        "label"
    ],
    "collection": "sen1floods11_weak_labeled_label"
}