{
    "type": "Feature",
    "stac_version": "1.0.0-beta.2",
    "id": "Pakistan_1212894_label",
    "properties": {
        "country": "Pakistan",
        "chip_id": "1212894",
        "label:description": "-1: NoData. 0: Not Water. 1: Water.",
        "label:type": "raster",
        "label:properties": null,
        "label:classes": [
            [
                0,
                1
            ]
        ],
        "label:tasks": [
            "classification"
        ],
        "datetime": "2017-06-28T00:00:00Z"
    },
    "geometry": {
        "type": "Polygon",
        "coordinates": [
            [
                [
                    70.64638855206836,
                    30.12590136823227
                ],
                [
                    70.64638855206836,
                    30.171895110779193
                ],
                [
                    70.60039480952143,
                    30.171895110779193
                ],
                [
                    70.60039480952143,
                    30.12590136823227
                ],
                [
                    70.64638855206836,
                    30.12590136823227
                ]
            ]
        ]
    },
    "links": [
        {
            "rel": "root",
            "href": "../../catalog.json",
            "type": "application/json"
        },
        {
            "rel": "collection",
            "href": "../collection.json",
            "type": "application/json"
        },
        {
            "rel": "parent",
            "href": "../collection.json",
            "type": "application/json"
        }
    ],
    "assets": {
        "S2IndexLabelWeak": {
            "href": "https://storage.googleapis.com/sen1floods11/v1.1/data/flood_events/WeaklyLabeled/S2IndexLabelWeak/Pakistan_1212894_S2IndexLabelWeak.tif",
            "type": "image/tiff; application=geotiff",
            "title": "GeoTiff"
        },
        "S1OtsuLabelWeak": {
            "href": "https://storage.googleapis.com/sen1floods11/v1.1/data/flood_events/WeaklyLabeled/S1OtsuLabelWeak/Pakistan_1212894_S1OtsuLabelWeak.tif",
            "type": "image/tiff; application=geotiff",
            "title": "GeoTiff"
        }
    },
    "bbox": [
        70.60039480952143,
        30.12590136823227,
        70.64638855206836,
        30.171895110779193
    ],
    "stac_extensions": [
        "label"
    ],
    "collection": "sen1floods11_weak_labeled_label"
}