{
    "type": "Feature",
    "stac_version": "1.0.0-beta.2",
    "id": "Sri-Lanka_6576612_label",
    "properties": {
        "country": "Sri-Lanka",
        "chip_id": "6576612",
        "label:description": "-1: NoData. 0: Not Water. 1: Water.",
        "label:type": "raster",
        "label:properties": null,
        "label:classes": [
            [
                0,
                1
            ]
        ],
        "label:tasks": [
            "classification"
        ],
        "datetime": "2017-05-30T00:00:00Z"
    },
    "geometry": {
        "type": "Polygon",
        "coordinates": [
            [
                [
                    80.85699939748449,
                    6.531111441662565
                ],
                [
                    80.85699939748449,
                    6.577105184209488
                ],
                [
                    80.81100565493756,
                    6.577105184209488
                ],
                [
                    80.81100565493756,
                    6.531111441662565
                ],
                [
                    80.85699939748449,
                    6.531111441662565
                ]
            ]
        ]
    },
    "links": [
        {
            "rel": "root",
            "href": "../../catalog.json",
            "type": "application/json"
        },
        {
            "rel": "collection",
            "href": "../collection.json",
            "type": "application/json"
        },
        {
            "rel": "parent",
            "href": "../collection.json",
            "type": "application/json"
        }
    ],
    "assets": {
        "S2IndexLabelWeak": {
            "href": "https://storage.googleapis.com/sen1floods11/v1.1/data/flood_events/WeaklyLabeled/S2IndexLabelWeak/Sri-Lanka_6576612_S2IndexLabelWeak.tif",
            "type": "image/tiff; application=geotiff",
            "title": "GeoTiff"
        },
        "S1OtsuLabelWeak": {
            "href": "https://storage.googleapis.com/sen1floods11/v1.1/data/flood_events/WeaklyLabeled/S1OtsuLabelWeak/Sri-Lanka_6576612_S1OtsuLabelWeak.tif",
            "type": "image/tiff; application=geotiff",
            "title": "GeoTiff"
        }
    },
    "bbox": [
        80.81100565493756,
        6.531111441662565,
        80.85699939748449,
        6.577105184209488
    ],
    "stac_extensions": [
        "label"
    ],
    "collection": "sen1floods11_weak_labeled_label"
}