{
    "type": "Feature",
    "stac_version": "1.0.0-beta.2",
    "id": "Bolivia_6461814_label",
    "properties": {
        "country": "Bolivia",
        "chip_id": "6461814",
        "label:description": "-1: NoData. 0: Not Water. 1: Water.",
        "label:type": "raster",
        "label:properties": null,
        "label:classes": [
            [
                0,
                1
            ]
        ],
        "label:tasks": [
            "classification"
        ],
        "datetime": "2018-02-15T00:00:00Z"
    },
    "geometry": {
        "type": "Polygon",
        "coordinates": [
            [
                [
                    -64.94316447625033,
                    -13.936103991716612
                ],
                [
                    -64.94316447625033,
                    -13.89011024916969
                ],
                [
                    -64.98915821879726,
                    -13.89011024916969
                ],
                [
                    -64.98915821879726,
                    -13.936103991716612
                ],
                [
                    -64.94316447625033,
                    -13.936103991716612
                ]
            ]
        ]
    },
    "links": [
        {
            "rel": "root",
            "href": "../../catalog.json",
            "type": "application/json"
        },
        {
            "rel": "collection",
            "href": "../collection.json",
            "type": "application/json"
        },
        {
            "rel": "parent",
            "href": "../collection.json",
            "type": "application/json"
        }
    ],
    "assets": {
        "S2IndexLabelWeak": {
            "href": "https://storage.googleapis.com/sen1floods11/v1.1/data/flood_events/WeaklyLabeled/S2IndexLabelWeak/Bolivia_6461814_S2IndexLabelWeak.tif",
            "type": "image/tiff; application=geotiff",
            "title": "GeoTiff"
        },
        "S1OtsuLabelWeak": {
            "href": "https://storage.googleapis.com/sen1floods11/v1.1/data/flood_events/WeaklyLabeled/S1OtsuLabelWeak/Bolivia_6461814_S1OtsuLabelWeak.tif",
            "type": "image/tiff; application=geotiff",
            "title": "GeoTiff"
        }
    },
    "bbox": [
        -64.98915821879726,
        -13.936103991716612,
        -64.94316447625033,
        -13.89011024916969
    ],
    "stac_extensions": [
        "label"
    ],
    "collection": "sen1floods11_weak_labeled_label"
}