{
    "type": "Feature",
    "stac_version": "1.0.0-beta.2",
    "id": "Ghana_4617667_label",
    "properties": {
        "country": "Ghana",
        "chip_id": "4617667",
        "label:description": "-1: NoData. 0: Not Water. 1: Water.",
        "label:type": "raster",
        "label:properties": null,
        "label:classes": [
            [
                0,
                1
            ]
        ],
        "label:tasks": [
            "classification"
        ],
        "datetime": "2018-09-18T00:00:00Z"
    },
    "geometry": {
        "type": "Polygon",
        "coordinates": [
            [
                [
                    -1.0118623360322292,
                    10.532567043244565
                ],
                [
                    -1.0118623360322292,
                    10.578560785791485
                ],
                [
                    -1.0578560785791484,
                    10.578560785791485
                ],
                [
                    -1.0578560785791484,
                    10.532567043244565
                ],
                [
                    -1.0118623360322292,
                    10.532567043244565
                ]
            ]
        ]
    },
    "links": [
        {
            "rel": "root",
            "href": "../../catalog.json",
            "type": "application/json"
        },
        {
            "rel": "collection",
            "href": "../collection.json",
            "type": "application/json"
        },
        {
            "rel": "parent",
            "href": "../collection.json",
            "type": "application/json"
        }
    ],
    "assets": {
        "S2IndexLabelWeak": {
            "href": "https://storage.googleapis.com/sen1floods11/v1.1/data/flood_events/WeaklyLabeled/S2IndexLabelWeak/Ghana_4617667_S2IndexLabelWeak.tif",
            "type": "image/tiff; application=geotiff",
            "title": "GeoTiff"
        },
        "S1OtsuLabelWeak": {
            "href": "https://storage.googleapis.com/sen1floods11/v1.1/data/flood_events/WeaklyLabeled/S1OtsuLabelWeak/Ghana_4617667_S1OtsuLabelWeak.tif",
            "type": "image/tiff; application=geotiff",
            "title": "GeoTiff"
        }
    },
    "bbox": [
        -1.0578560785791484,
        10.532567043244565,
        -1.0118623360322292,
        10.578560785791485
    ],
    "stac_extensions": [
        "label"
    ],
    "collection": "sen1floods11_weak_labeled_label"
}