{
    "type": "Feature",
    "stac_version": "1.0.0-beta.2",
    "id": "Colombia_3299647_label",
    "properties": {
        "country": "Colombia",
        "chip_id": "3299647",
        "label:description": "-1: NoData. 0: Not Water. 1: Water.",
        "label:type": "raster",
        "label:properties": null,
        "label:classes": [
            [
                0,
                1
            ]
        ],
        "label:tasks": [
            "classification"
        ],
        "datetime": "2018-08-22T00:00:00Z"
    },
    "geometry": {
        "type": "Polygon",
        "coordinates": [
            [
                [
                    -68.02474522689393,
                    2.5756495826274888
                ],
                [
                    -68.02474522689393,
                    2.6216433251744116
                ],
                [
                    -68.07073896944085,
                    2.6216433251744116
                ],
                [
                    -68.07073896944085,
                    2.5756495826274888
                ],
                [
                    -68.02474522689393,
                    2.5756495826274888
                ]
            ]
        ]
    },
    "links": [
        {
            "rel": "root",
            "href": "../../catalog.json",
            "type": "application/json"
        },
        {
            "rel": "collection",
            "href": "../collection.json",
            "type": "application/json"
        },
        {
            "rel": "parent",
            "href": "../collection.json",
            "type": "application/json"
        }
    ],
    "assets": {
        "S2IndexLabelWeak": {
            "href": "https://storage.googleapis.com/sen1floods11/v1.1/data/flood_events/WeaklyLabeled/S2IndexLabelWeak/Colombia_3299647_S2IndexLabelWeak.tif",
            "type": "image/tiff; application=geotiff",
            "title": "GeoTiff"
        },
        "S1OtsuLabelWeak": {
            "href": "https://storage.googleapis.com/sen1floods11/v1.1/data/flood_events/WeaklyLabeled/S1OtsuLabelWeak/Colombia_3299647_S1OtsuLabelWeak.tif",
            "type": "image/tiff; application=geotiff",
            "title": "GeoTiff"
        }
    },
    "bbox": [
        -68.07073896944085,
        2.5756495826274888,
        -68.02474522689393,
        2.6216433251744116
    ],
    "stac_extensions": [
        "label"
    ],
    "collection": "sen1floods11_weak_labeled_label"
}