{
    "type": "Feature",
    "stac_version": "1.0.0-beta.2",
    "id": "Paraguay_3813303_label",
    "properties": {
        "country": "Paraguay",
        "chip_id": "3813303",
        "label:description": "-1: NoData. 0: Not Water. 1: Water.",
        "label:type": "raster",
        "label:properties": null,
        "label:classes": [
            [
                0,
                1
            ]
        ],
        "label:tasks": [
            "classification"
        ],
        "datetime": "2018-10-31T00:00:00Z"
    },
    "geometry": {
        "type": "Polygon",
        "coordinates": [
            [
                [
                    -56.38832836252331,
                    -24.10072109458582
                ],
                [
                    -56.38832836252331,
                    -24.0547273520389
                ],
                [
                    -56.43432210507023,
                    -24.0547273520389
                ],
                [
                    -56.43432210507023,
                    -24.10072109458582
                ],
                [
                    -56.38832836252331,
                    -24.10072109458582
                ]
            ]
        ]
    },
    "links": [
        {
            "rel": "root",
            "href": "../../catalog.json",
            "type": "application/json"
        },
        {
            "rel": "collection",
            "href": "../collection.json",
            "type": "application/json"
        },
        {
            "rel": "parent",
            "href": "../collection.json",
            "type": "application/json"
        }
    ],
    "assets": {
        "S2IndexLabelWeak": {
            "href": "https://storage.googleapis.com/sen1floods11/v1.1/data/flood_events/WeaklyLabeled/S2IndexLabelWeak/Paraguay_3813303_S2IndexLabelWeak.tif",
            "type": "image/tiff; application=geotiff",
            "title": "GeoTiff"
        },
        "S1OtsuLabelWeak": {
            "href": "https://storage.googleapis.com/sen1floods11/v1.1/data/flood_events/WeaklyLabeled/S1OtsuLabelWeak/Paraguay_3813303_S1OtsuLabelWeak.tif",
            "type": "image/tiff; application=geotiff",
            "title": "GeoTiff"
        }
    },
    "bbox": [
        -56.43432210507023,
        -24.10072109458582,
        -56.38832836252331,
        -24.0547273520389
    ],
    "stac_extensions": [
        "label"
    ],
    "collection": "sen1floods11_weak_labeled_label"
}