{
    "type": "Feature",
    "stac_version": "1.0.0-beta.2",
    "id": "Bolivia_4231101_label",
    "properties": {
        "country": "Bolivia",
        "chip_id": "4231101",
        "label:description": "-1: NoData. 0: Not Water. 1: Water.",
        "label:type": "raster",
        "label:properties": null,
        "label:classes": [
            [
                0,
                1
            ]
        ],
        "label:tasks": [
            "classification"
        ],
        "datetime": "2018-02-15T00:00:00Z"
    },
    "geometry": {
        "type": "Polygon",
        "coordinates": [
            [
                [
                    -64.80518324860957,
                    -13.430172823700497
                ],
                [
                    -64.80518324860957,
                    -13.384179081153574
                ],
                [
                    -64.85117699115649,
                    -13.384179081153574
                ],
                [
                    -64.85117699115649,
                    -13.430172823700497
                ],
                [
                    -64.80518324860957,
                    -13.430172823700497
                ]
            ]
        ]
    },
    "links": [
        {
            "rel": "root",
            "href": "../../catalog.json",
            "type": "application/json"
        },
        {
            "rel": "collection",
            "href": "../collection.json",
            "type": "application/json"
        },
        {
            "rel": "parent",
            "href": "../collection.json",
            "type": "application/json"
        }
    ],
    "assets": {
        "S2IndexLabelWeak": {
            "href": "https://storage.googleapis.com/sen1floods11/v1.1/data/flood_events/WeaklyLabeled/S2IndexLabelWeak/Bolivia_4231101_S2IndexLabelWeak.tif",
            "type": "image/tiff; application=geotiff",
            "title": "GeoTiff"
        },
        "S1OtsuLabelWeak": {
            "href": "https://storage.googleapis.com/sen1floods11/v1.1/data/flood_events/WeaklyLabeled/S1OtsuLabelWeak/Bolivia_4231101_S1OtsuLabelWeak.tif",
            "type": "image/tiff; application=geotiff",
            "title": "GeoTiff"
        }
    },
    "bbox": [
        -64.85117699115649,
        -13.430172823700497,
        -64.80518324860957,
        -13.384179081153574
    ],
    "stac_extensions": [
        "label"
    ],
    "collection": "sen1floods11_weak_labeled_label"
}