{
    "type": "Feature",
    "stac_version": "1.0.0-beta.2",
    "id": "Ghana_6209300_label",
    "properties": {
        "country": "Ghana",
        "chip_id": "6209300",
        "label:description": "-1: NoData. 0: Not Water. 1: Water.",
        "label:type": "raster",
        "label:properties": null,
        "label:classes": [
            [
                0,
                1
            ]
        ],
        "label:tasks": [
            "classification"
        ],
        "datetime": "2018-09-18T00:00:00Z"
    },
    "geometry": {
        "type": "Polygon",
        "coordinates": [
            [
                [
                    -1.1498435636729878,
                    10.256604587963048
                ],
                [
                    -1.1498435636729878,
                    10.302598330509968
                ],
                [
                    -1.195837306219907,
                    10.302598330509968
                ],
                [
                    -1.195837306219907,
                    10.256604587963048
                ],
                [
                    -1.1498435636729878,
                    10.256604587963048
                ]
            ]
        ]
    },
    "links": [
        {
            "rel": "root",
            "href": "../../catalog.json",
            "type": "application/json"
        },
        {
            "rel": "collection",
            "href": "../collection.json",
            "type": "application/json"
        },
        {
            "rel": "parent",
            "href": "../collection.json",
            "type": "application/json"
        }
    ],
    "assets": {
        "S2IndexLabelWeak": {
            "href": "https://storage.googleapis.com/sen1floods11/v1.1/data/flood_events/WeaklyLabeled/S2IndexLabelWeak/Ghana_6209300_S2IndexLabelWeak.tif",
            "type": "image/tiff; application=geotiff",
            "title": "GeoTiff"
        },
        "S1OtsuLabelWeak": {
            "href": "https://storage.googleapis.com/sen1floods11/v1.1/data/flood_events/WeaklyLabeled/S1OtsuLabelWeak/Ghana_6209300_S1OtsuLabelWeak.tif",
            "type": "image/tiff; application=geotiff",
            "title": "GeoTiff"
        }
    },
    "bbox": [
        -1.195837306219907,
        10.256604587963048,
        -1.1498435636729878,
        10.302598330509968
    ],
    "stac_extensions": [
        "label"
    ],
    "collection": "sen1floods11_weak_labeled_label"
}