{
    "type": "Feature",
    "stac_version": "1.0.0-beta.2",
    "id": "Pakistan_6602248_label",
    "properties": {
        "country": "Pakistan",
        "chip_id": "6602248",
        "label:description": "-1: NoData. 0: Not Water. 1: Water.",
        "label:type": "raster",
        "label:properties": null,
        "label:classes": [
            [
                0,
                1
            ]
        ],
        "label:tasks": [
            "classification"
        ],
        "datetime": "2017-06-28T00:00:00Z"
    },
    "geometry": {
        "type": "Polygon",
        "coordinates": [
            [
                [
                    72.02620082847595,
                    33.48344457415739
                ],
                [
                    72.02620082847595,
                    33.529438316704315
                ],
                [
                    71.98020708592902,
                    33.529438316704315
                ],
                [
                    71.98020708592902,
                    33.48344457415739
                ],
                [
                    72.02620082847595,
                    33.48344457415739
                ]
            ]
        ]
    },
    "links": [
        {
            "rel": "root",
            "href": "../../catalog.json",
            "type": "application/json"
        },
        {
            "rel": "collection",
            "href": "../collection.json",
            "type": "application/json"
        },
        {
            "rel": "parent",
            "href": "../collection.json",
            "type": "application/json"
        }
    ],
    "assets": {
        "S2IndexLabelWeak": {
            "href": "https://storage.googleapis.com/sen1floods11/v1.1/data/flood_events/WeaklyLabeled/S2IndexLabelWeak/Pakistan_6602248_S2IndexLabelWeak.tif",
            "type": "image/tiff; application=geotiff",
            "title": "GeoTiff"
        },
        "S1OtsuLabelWeak": {
            "href": "https://storage.googleapis.com/sen1floods11/v1.1/data/flood_events/WeaklyLabeled/S1OtsuLabelWeak/Pakistan_6602248_S1OtsuLabelWeak.tif",
            "type": "image/tiff; application=geotiff",
            "title": "GeoTiff"
        }
    },
    "bbox": [
        71.98020708592902,
        33.48344457415739,
        72.02620082847595,
        33.529438316704315
    ],
    "stac_extensions": [
        "label"
    ],
    "collection": "sen1floods11_weak_labeled_label"
}