{
    "type": "Feature",
    "stac_version": "1.0.0-beta.2",
    "id": "Colombia_1718438_label",
    "properties": {
        "country": "Colombia",
        "chip_id": "1718438",
        "label:description": "-1: NoData. 0: Not Water. 1: Water.",
        "label:type": "raster",
        "label:properties": null,
        "label:classes": [
            [
                0,
                1
            ]
        ],
        "label:tasks": [
            "classification"
        ],
        "datetime": "2018-08-22T00:00:00Z"
    },
    "geometry": {
        "type": "Polygon",
        "coordinates": [
            [
                [
                    -66.87490166322094,
                    3.1735682357374424
                ],
                [
                    -66.87490166322094,
                    3.219561978284365
                ],
                [
                    -66.92089540576787,
                    3.219561978284365
                ],
                [
                    -66.92089540576787,
                    3.1735682357374424
                ],
                [
                    -66.87490166322094,
                    3.1735682357374424
                ]
            ]
        ]
    },
    "links": [
        {
            "rel": "root",
            "href": "../../catalog.json",
            "type": "application/json"
        },
        {
            "rel": "collection",
            "href": "../collection.json",
            "type": "application/json"
        },
        {
            "rel": "parent",
            "href": "../collection.json",
            "type": "application/json"
        }
    ],
    "assets": {
        "S2IndexLabelWeak": {
            "href": "https://storage.googleapis.com/sen1floods11/v1.1/data/flood_events/WeaklyLabeled/S2IndexLabelWeak/Colombia_1718438_S2IndexLabelWeak.tif",
            "type": "image/tiff; application=geotiff",
            "title": "GeoTiff"
        },
        "S1OtsuLabelWeak": {
            "href": "https://storage.googleapis.com/sen1floods11/v1.1/data/flood_events/WeaklyLabeled/S1OtsuLabelWeak/Colombia_1718438_S1OtsuLabelWeak.tif",
            "type": "image/tiff; application=geotiff",
            "title": "GeoTiff"
        }
    },
    "bbox": [
        -66.92089540576787,
        3.1735682357374424,
        -66.87490166322094,
        3.219561978284365
    ],
    "stac_extensions": [
        "label"
    ],
    "collection": "sen1floods11_weak_labeled_label"
}