{
    "type": "Feature",
    "stac_version": "1.0.0-beta.2",
    "id": "Ghana_3282910_label",
    "properties": {
        "country": "Ghana",
        "chip_id": "3282910",
        "label:description": "-1: NoData. 0: Not Water. 1: Water.",
        "label:type": "raster",
        "label:properties": null,
        "label:classes": [
            [
                0,
                1
            ]
        ],
        "label:tasks": [
            "classification"
        ],
        "datetime": "2018-09-18T00:00:00Z"
    },
    "geometry": {
        "type": "Polygon",
        "coordinates": [
            [
                [
                    -1.6097809891421828,
                    10.026635875228452
                ],
                [
                    -1.6097809891421828,
                    10.072629617775371
                ],
                [
                    -1.655774731689102,
                    10.072629617775371
                ],
                [
                    -1.655774731689102,
                    10.026635875228452
                ],
                [
                    -1.6097809891421828,
                    10.026635875228452
                ]
            ]
        ]
    },
    "links": [
        {
            "rel": "root",
            "href": "../../catalog.json",
            "type": "application/json"
        },
        {
            "rel": "collection",
            "href": "../collection.json",
            "type": "application/json"
        },
        {
            "rel": "parent",
            "href": "../collection.json",
            "type": "application/json"
        }
    ],
    "assets": {
        "S2IndexLabelWeak": {
            "href": "https://storage.googleapis.com/sen1floods11/v1.1/data/flood_events/WeaklyLabeled/S2IndexLabelWeak/Ghana_3282910_S2IndexLabelWeak.tif",
            "type": "image/tiff; application=geotiff",
            "title": "GeoTiff"
        },
        "S1OtsuLabelWeak": {
            "href": "https://storage.googleapis.com/sen1floods11/v1.1/data/flood_events/WeaklyLabeled/S1OtsuLabelWeak/Ghana_3282910_S1OtsuLabelWeak.tif",
            "type": "image/tiff; application=geotiff",
            "title": "GeoTiff"
        }
    },
    "bbox": [
        -1.655774731689102,
        10.026635875228452,
        -1.6097809891421828,
        10.072629617775371
    ],
    "stac_extensions": [
        "label"
    ],
    "collection": "sen1floods11_weak_labeled_label"
}