{
    "type": "Feature",
    "stac_version": "1.0.0-beta.2",
    "id": "Bolivia_1552032_label",
    "properties": {
        "country": "Bolivia",
        "chip_id": "1552032",
        "label:description": "-1: NoData. 0: Not Water. 1: Water.",
        "label:type": "raster",
        "label:properties": null,
        "label:classes": [
            [
                0,
                1
            ]
        ],
        "label:tasks": [
            "classification"
        ],
        "datetime": "2018-02-15T00:00:00Z"
    },
    "geometry": {
        "type": "Polygon",
        "coordinates": [
            [
                [
                    -64.8971707337034,
                    -13.24619785351282
                ],
                [
                    -64.8971707337034,
                    -13.200204110965897
                ],
                [
                    -64.94316447625033,
                    -13.200204110965897
                ],
                [
                    -64.94316447625033,
                    -13.24619785351282
                ],
                [
                    -64.8971707337034,
                    -13.24619785351282
                ]
            ]
        ]
    },
    "links": [
        {
            "rel": "root",
            "href": "../../catalog.json",
            "type": "application/json"
        },
        {
            "rel": "collection",
            "href": "../collection.json",
            "type": "application/json"
        },
        {
            "rel": "parent",
            "href": "../collection.json",
            "type": "application/json"
        }
    ],
    "assets": {
        "S2IndexLabelWeak": {
            "href": "https://storage.googleapis.com/sen1floods11/v1.1/data/flood_events/WeaklyLabeled/S2IndexLabelWeak/Bolivia_1552032_S2IndexLabelWeak.tif",
            "type": "image/tiff; application=geotiff",
            "title": "GeoTiff"
        },
        "S1OtsuLabelWeak": {
            "href": "https://storage.googleapis.com/sen1floods11/v1.1/data/flood_events/WeaklyLabeled/S1OtsuLabelWeak/Bolivia_1552032_S1OtsuLabelWeak.tif",
            "type": "image/tiff; application=geotiff",
            "title": "GeoTiff"
        }
    },
    "bbox": [
        -64.94316447625033,
        -13.24619785351282,
        -64.8971707337034,
        -13.200204110965897
    ],
    "stac_extensions": [
        "label"
    ],
    "collection": "sen1floods11_weak_labeled_label"
}