{
    "type": "Feature",
    "stac_version": "1.0.0-beta.2",
    "id": "Nigeria_8326318_label",
    "properties": {
        "country": "Nigeria",
        "chip_id": "8326318",
        "label:description": "-1: NoData. 0: Not Water. 1: Water.",
        "label:type": "raster",
        "label:properties": null,
        "label:classes": [
            [
                0,
                1
            ]
        ],
        "label:tasks": [
            "classification"
        ],
        "datetime": "2018-09-21T00:00:00Z"
    },
    "geometry": {
        "type": "Polygon",
        "coordinates": [
            [
                [
                    5.427261620536501,
                    8.968779796649303
                ],
                [
                    5.427261620536501,
                    9.014773539196222
                ],
                [
                    5.381267877989582,
                    9.014773539196222
                ],
                [
                    5.381267877989582,
                    8.968779796649303
                ],
                [
                    5.427261620536501,
                    8.968779796649303
                ]
            ]
        ]
    },
    "links": [
        {
            "rel": "root",
            "href": "../../catalog.json",
            "type": "application/json"
        },
        {
            "rel": "collection",
            "href": "../collection.json",
            "type": "application/json"
        },
        {
            "rel": "parent",
            "href": "../collection.json",
            "type": "application/json"
        }
    ],
    "assets": {
        "S2IndexLabelWeak": {
            "href": "https://storage.googleapis.com/sen1floods11/v1.1/data/flood_events/WeaklyLabeled/S2IndexLabelWeak/Nigeria_8326318_S2IndexLabelWeak.tif",
            "type": "image/tiff; application=geotiff",
            "title": "GeoTiff"
        },
        "S1OtsuLabelWeak": {
            "href": "https://storage.googleapis.com/sen1floods11/v1.1/data/flood_events/WeaklyLabeled/S1OtsuLabelWeak/Nigeria_8326318_S1OtsuLabelWeak.tif",
            "type": "image/tiff; application=geotiff",
            "title": "GeoTiff"
        }
    },
    "bbox": [
        5.381267877989582,
        8.968779796649303,
        5.427261620536501,
        9.014773539196222
    ],
    "stac_extensions": [
        "label"
    ],
    "collection": "sen1floods11_weak_labeled_label"
}