{
    "type": "Feature",
    "stac_version": "1.0.0-beta.2",
    "id": "Paraguay_1434337_label",
    "properties": {
        "country": "Paraguay",
        "chip_id": "1434337",
        "label:description": "-1: NoData. 0: Not Water. 1: Water.",
        "label:type": "raster",
        "label:properties": null,
        "label:classes": [
            [
                0,
                1
            ]
        ],
        "label:tasks": [
            "classification"
        ],
        "datetime": "2018-10-31T00:00:00Z"
    },
    "geometry": {
        "type": "Polygon",
        "coordinates": [
            [
                [
                    -57.63015941129014,
                    -24.652646005148853
                ],
                [
                    -57.63015941129014,
                    -24.606652262601934
                ],
                [
                    -57.676153153837056,
                    -24.606652262601934
                ],
                [
                    -57.676153153837056,
                    -24.652646005148853
                ],
                [
                    -57.63015941129014,
                    -24.652646005148853
                ]
            ]
        ]
    },
    "links": [
        {
            "rel": "root",
            "href": "../../catalog.json",
            "type": "application/json"
        },
        {
            "rel": "collection",
            "href": "../collection.json",
            "type": "application/json"
        },
        {
            "rel": "parent",
            "href": "../collection.json",
            "type": "application/json"
        }
    ],
    "assets": {
        "S2IndexLabelWeak": {
            "href": "https://storage.googleapis.com/sen1floods11/v1.1/data/flood_events/WeaklyLabeled/S2IndexLabelWeak/Paraguay_1434337_S2IndexLabelWeak.tif",
            "type": "image/tiff; application=geotiff",
            "title": "GeoTiff"
        },
        "S1OtsuLabelWeak": {
            "href": "https://storage.googleapis.com/sen1floods11/v1.1/data/flood_events/WeaklyLabeled/S1OtsuLabelWeak/Paraguay_1434337_S1OtsuLabelWeak.tif",
            "type": "image/tiff; application=geotiff",
            "title": "GeoTiff"
        }
    },
    "bbox": [
        -57.676153153837056,
        -24.652646005148853,
        -57.63015941129014,
        -24.606652262601934
    ],
    "stac_extensions": [
        "label"
    ],
    "collection": "sen1floods11_weak_labeled_label"
}