{
    "type": "Feature",
    "stac_version": "1.0.0-beta.2",
    "id": "Pakistan_3878818_label",
    "properties": {
        "country": "Pakistan",
        "chip_id": "3878818",
        "label:description": "-1: NoData. 0: Not Water. 1: Water.",
        "label:type": "raster",
        "label:properties": null,
        "label:classes": [
            [
                0,
                1
            ]
        ],
        "label:tasks": [
            "classification"
        ],
        "datetime": "2017-06-28T00:00:00Z"
    },
    "geometry": {
        "type": "Polygon",
        "coordinates": [
            [
                [
                    70.46241358188068,
                    30.07990762568535
                ],
                [
                    70.46241358188068,
                    30.125901368232274
                ],
                [
                    70.41641983933376,
                    30.125901368232274
                ],
                [
                    70.41641983933376,
                    30.07990762568535
                ],
                [
                    70.46241358188068,
                    30.07990762568535
                ]
            ]
        ]
    },
    "links": [
        {
            "rel": "root",
            "href": "../../catalog.json",
            "type": "application/json"
        },
        {
            "rel": "collection",
            "href": "../collection.json",
            "type": "application/json"
        },
        {
            "rel": "parent",
            "href": "../collection.json",
            "type": "application/json"
        }
    ],
    "assets": {
        "S2IndexLabelWeak": {
            "href": "https://storage.googleapis.com/sen1floods11/v1.1/data/flood_events/WeaklyLabeled/S2IndexLabelWeak/Pakistan_3878818_S2IndexLabelWeak.tif",
            "type": "image/tiff; application=geotiff",
            "title": "GeoTiff"
        },
        "S1OtsuLabelWeak": {
            "href": "https://storage.googleapis.com/sen1floods11/v1.1/data/flood_events/WeaklyLabeled/S1OtsuLabelWeak/Pakistan_3878818_S1OtsuLabelWeak.tif",
            "type": "image/tiff; application=geotiff",
            "title": "GeoTiff"
        }
    },
    "bbox": [
        70.41641983933376,
        30.07990762568535,
        70.46241358188068,
        30.125901368232274
    ],
    "stac_extensions": [
        "label"
    ],
    "collection": "sen1floods11_weak_labeled_label"
}